<suite name="orangeHRMtestsuite">

   <test name="AdminLoginTest">
   
    <parameter name="adminuid" value="Admin"></parameter>
    <parameter name="adminpwd" value="Qedge123!@#"></parameter>
     <classes>
     
       <class name="testcases.AdminLoginTest">
       
       </class>
     
     </classes>
   
   
   </test>

           <test name="ErrormessageTest">
   
    <parameter name="invaliduid" value="Admi"></parameter>
    <parameter name="invalidpwd" value="edge123!@#"></parameter>
     <classes>
     
       <class name="testcases.ErrormessageTest">
       
       </class>
     
     </classes>
   
   
   </test>

</suite>